venue,asset,ladder,event,ticker,contract,settle_utc,best_bid,best_ask,last,volume,liquidity,bid_depth,ask_depth,yes_token
polymarket,BTC,above,bitcoin-above-on-august-4-2026,bitcoin-above-54k-on-august-4-2026,"54,000",2026-08-04T16:00:00Z,0.999,1,0.999,131599.126871,75171.36914,233866.47,0,48680280379178913108782121261418905543346403733480100586231105059735857696334
polymarket,BTC,above,bitcoin-above-on-august-4-2026,bitcoin-above-56k-on-august-4-2026,"56,000",2026-08-04T16:00:00Z,0.998,0.999,0.999,72129.032241,47223.22686,185538.70999999996,2008.23,110166070887043717734580312398247969348309169603083060303632116730648953137505
polymarket,BTC,above,bitcoin-above-on-august-4-2026,bitcoin-above-58k-on-august-4-2026,"58,000",2026-08-04T16:00:00Z,0.998,0.999,0.998,80729.89741099995,52575.56058,190433.22,29570.21,74567935957923649791918494985250426808663069897506967238681438641391037965298
polymarket,BTC,above,bitcoin-above-on-august-4-2026,bitcoin-above-60k-on-august-4-2026,"60,000",2026-08-04T16:00:00Z,0.981,0.986,0.988,106495.28735399996,28608.93317,285400.72000000003,57965.36,106493285142278333379534357055206998136964598981386160531814587710228089828027
polymarket,BTC,above,bitcoin-above-on-august-4-2026,bitcoin-above-62k-on-august-4-2026,"62,000",2026-08-04T16:00:00Z,0.94,0.95,0.95,121244.70748200001,27461.7717,142180.1,21787.98,110265694267936992469417700335614533467196469203686817149366068640963818137254
polymarket,BTC,above,bitcoin-above-on-august-4-2026,bitcoin-above-64k-on-august-4-2026,"64,000",2026-08-04T16:00:00Z,0.39,0.4,0.42,92775.007929,23936.3766,109924.95,130858.05000000005,29555762820866648320104527193097022031745059648291657199936106011886955678610
polymarket,BTC,above,bitcoin-above-on-august-4-2026,bitcoin-above-66k-on-august-4-2026,"66,000",2026-08-04T16:00:00Z,0.018,0.025,0.029,120406.46347099991,24694.57244,91331.73,280798.36000000004,109099445237989791507033726458208932479317930030975047250629827113657583506153
polymarket,BTC,above,bitcoin-above-on-august-4-2026,bitcoin-above-68k-on-august-4-2026,"68,000",2026-08-04T16:00:00Z,0.001,0.007,0.007,146308.213266,26013.98462,4320.0,282464.60000000003,21483373929090644776159156055185168428233385008143093433781620623793976241649
polymarket,BTC,above,bitcoin-above-on-august-4-2026,bitcoin-above-70k-on-august-4-2026,"70,000",2026-08-04T16:00:00Z,,0.002,0.001,104031.15878099999,78546.21296,0,359886.16,28537898232985060679965050100393503537673349207038872787922585529514847464887
polymarket,BTC,above,bitcoin-above-on-august-4-2026,bitcoin-above-72k-on-august-4-2026,"72,000",2026-08-04T16:00:00Z,,0.001,0.001,63270.806067000005,48233.63843,0,308174.31000000006,32182438684715674330022478347908338301802097325782845276433187568607741841973
polymarket,BTC,above,bitcoin-above-on-august-4-2026,bitcoin-above-74k-on-august-4-2026,"74,000",2026-08-04T16:00:00Z,,0.001,0.001,16753.780635,93102.87598,0,344770.23,50046804194240196937926350942731281175212123259506388982261901258371241677180
polymarket,BTC,above,bitcoin-above-on-august-5-2026,bitcoin-above-54k-on-august-5-2026,"54,000",2026-08-05T16:00:00Z,0.995,1,0.999,7321.348368000002,17914.7971,152616.47,0,42871091280534617658446604198669876534309483016708907261782406256523075856144
polymarket,BTC,above,bitcoin-above-on-august-5-2026,bitcoin-above-56k-on-august-5-2026,"56,000",2026-08-05T16:00:00Z,0.992,0.996,0.996,33731.267828000004,21938.26518,273624.50000000006,10487.25,16506361635337097628268743003154754787298226878694584142284250084427669491431
polymarket,BTC,above,bitcoin-above-on-august-5-2026,bitcoin-above-58k-on-august-5-2026,"58,000",2026-08-05T16:00:00Z,0.99,0.992,0.989,64969.498028000016,22685.31839,278513.91000000003,36520.47,6317942472811341094293656478360045700492895437312709422593537393109856459100
polymarket,BTC,above,bitcoin-above-on-august-5-2026,bitcoin-above-60k-on-august-5-2026,"60,000",2026-08-05T16:00:00Z,0.977,0.986,0.97,36703.48549200002,23367.86109,277939.3699999999,69112.03,100447473999583318525394175805866886577554436378977722198114719095367150281687
polymarket,BTC,above,bitcoin-above-on-august-5-2026,bitcoin-above-62k-on-august-5-2026,"62,000",2026-08-05T16:00:00Z,0.89,0.9,0.89,20324.662293999987,22819.7906,133680.63,22291.5,36842437685322270692352133991311219570859897119188341575202231580322859252283
polymarket,BTC,above,bitcoin-above-on-august-5-2026,bitcoin-above-64k-on-august-5-2026,"64,000",2026-08-05T16:00:00Z,0.44,0.46,0.48,9928.252324,23525.9773,114188.34000000001,113322.18,49148473628784738582155283794246581491526564573295737001605875371866806072444
polymarket,BTC,above,bitcoin-above-on-august-5-2026,bitcoin-above-66k-on-august-5-2026,"66,000",2026-08-05T16:00:00Z,0.065,0.07,0.077,30292.163951,22557.41006,85222.11999999997,275395.89,48074944254536434311338290516973434626240513566356899096614540759555497900503
polymarket,BTC,above,bitcoin-above-on-august-5-2026,bitcoin-above-68k-on-august-5-2026,"68,000",2026-08-05T16:00:00Z,0.005,0.008,0.008,18167.073163000005,24120.61317,45124.42999999999,278699.15,82729512249771968402100363869277714003123074776370194393682824382397207279871
polymarket,BTC,above,bitcoin-above-on-august-5-2026,bitcoin-above-70k-on-august-5-2026,"70,000",2026-08-05T16:00:00Z,0.001,0.005,0.005,34334.85592,26701.29152,99.99,278859.97000000003,46490842908643046547689910339900003496011884258043754375290356971485916778776
polymarket,BTC,above,bitcoin-above-on-august-5-2026,bitcoin-above-72k-on-august-5-2026,"72,000",2026-08-05T16:00:00Z,0.001,0.004,0.004,2302.7603299999996,28739.23481,22222.0,280644.77,89161095595733354708265369970046073458065228421642574362945320355131032797317
polymarket,BTC,above,bitcoin-above-on-august-5-2026,bitcoin-above-74k-on-august-5-2026,"74,000",2026-08-05T16:00:00Z,,0.003,0.003,1916.8689080000001,26813.4482,0,279599.88,22136339408942481294407471077332780460306307216221623910305973738201723930783
polymarket,BTC,above,bitcoin-above-on-august-6-2026,bitcoin-above-54k-on-august-6-2026,"54,000",2026-08-06T16:00:00Z,0.991,1,0.998,4880.100785999999,14139.99069,264720.74999999994,0,16796758355581576416379611468407754682388902873440751628437952735066245963171
polymarket,BTC,above,bitcoin-above-on-august-6-2026,bitcoin-above-56k-on-august-6-2026,"56,000",2026-08-06T16:00:00Z,0.983,0.997,0.976,1658.75115,18647.35758,269448.94999999995,906.6600000000001,92631115308575125008161411911367356597379965970520932279028282407499409339128
polymarket,BTC,above,bitcoin-above-on-august-6-2026,bitcoin-above-58k-on-august-6-2026,"58,000",2026-08-06T16:00:00Z,0.976,0.998,0.95,41330.600187000004,18785.29281,270347.56,22038.25,105607061721936471384731443872695401395845237741825820614070454897715047469002
polymarket,BTC,above,bitcoin-above-on-august-6-2026,bitcoin-above-60k-on-august-6-2026,"60,000",2026-08-06T16:00:00Z,0.963,0.971,0.969,9769.418703999998,20334.78159,276243.26000000007,68709.98000000001,35202091605821863454545173268662657263961912544646092754107683775810997592653
polymarket,BTC,above,bitcoin-above-on-august-6-2026,bitcoin-above-62k-on-august-6-2026,"62,000",2026-08-06T16:00:00Z,0.85,0.86,0.85,5867.531609000001,19828.088,127127.16,12384.48,43652889434855544783127623186394045333766959241793588244624051687891019352054
polymarket,BTC,above,bitcoin-above-on-august-6-2026,bitcoin-above-64k-on-august-6-2026,"64,000",2026-08-06T16:00:00Z,0.43,0.46,0.47,4740.126375,21790.5341,111969.59,121305.61,98487888284151421022061590031520082231279600523825946648243036178477245912736
polymarket,BTC,above,bitcoin-above-on-august-6-2026,bitcoin-above-66k-on-august-6-2026,"66,000",2026-08-06T16:00:00Z,0.089,0.1,0.1,7361.247591000001,20165.37152,61291.990000000005,270963.35,3340109817071240225470510073575863808671267001514203880829474585283814183618
polymarket,BTC,above,bitcoin-above-on-august-6-2026,bitcoin-above-68k-on-august-6-2026,"68,000",2026-08-06T16:00:00Z,0.01,0.019,0.015,1732.170784,19710.0924,51831.0,270497.7700000001,5239723371673962044312487462903427920535803670625228040120893472290782790652
polymarket,BTC,above,bitcoin-above-on-august-6-2026,bitcoin-above-70k-on-august-6-2026,"70,000",2026-08-06T16:00:00Z,0.005,0.025,0.024,1946.919805,17906.25525,14051.0,268294.02,34768282349861777287481520703307365979143313462097534087801338697267575805025
polymarket,BTC,above,bitcoin-above-on-august-6-2026,bitcoin-above-72k-on-august-6-2026,"72,000",2026-08-06T16:00:00Z,0.002,0.01,0.005,436.67049999999995,11666.90795,305.78999999999996,31628.210000000003,37807437256647191602443222710974074519885857415327055780155444299044386829294
polymarket,BTC,above,bitcoin-above-on-august-6-2026,bitcoin-above-74k-on-august-6-2026,"74,000",2026-08-06T16:00:00Z,,0.007,0.001,682.6439999999999,16898.58354,0,145055.40999999997,81524018383802869325746923041994899576822788078543304295710517983375274707848
polymarket,BTC,above,bitcoin-above-on-august-7-2026,bitcoin-above-52k-on-august-7-2026,"52,000",2026-08-07T16:00:00Z,0.992,0.999,0.999,2086.354387,19530.51483,270266.33,13026.67,74027521033447264403838626547022888869511227208835968253921216586323219616968
polymarket,BTC,above,bitcoin-above-on-august-7-2026,bitcoin-above-54k-on-august-7-2026,"54,000",2026-08-07T16:00:00Z,0.992,0.998,0.997,315.631666,11872.47667,32440.200000000004,12666.0,97854387102646580952119503108164800607175478389644171193167152964863363633703
polymarket,BTC,above,bitcoin-above-on-august-7-2026,bitcoin-above-56k-on-august-7-2026,"56,000",2026-08-07T16:00:00Z,0.981,0.998,0.988,4899.510716,19177.03606,270317.47000000003,14349.97,102241249035576502040981339756489184428389991355715866313020929006698172221973
polymarket,BTC,above,bitcoin-above-on-august-7-2026,bitcoin-above-58k-on-august-7-2026,"58,000",2026-08-07T16:00:00Z,0.97,0.986,0.983,21459.695023,19007.92839,269900.05,37684.0,42863385125433831764279638424484151617778205536218479926119315701467026039407
polymarket,BTC,above,bitcoin-above-on-august-7-2026,bitcoin-above-60k-on-august-7-2026,"60,000",2026-08-07T16:00:00Z,0.94,0.96,0.95,7002.149633999999,19361.1128,126298.12,18123.010000000002,106460286776671198996232462489525403284014954473393072782175486295233294409818
polymarket,BTC,above,bitcoin-above-on-august-7-2026,bitcoin-above-62k-on-august-7-2026,"62,000",2026-08-07T16:00:00Z,0.79,0.82,0.75,9430.555244000001,19338.5494,126238.57,28724.3,52816431198695871439531332926588064118921042095977090662419664428255778586338
polymarket,BTC,above,bitcoin-above-on-august-7-2026,bitcoin-above-64k-on-august-7-2026,"64,000",2026-08-07T16:00:00Z,0.48,0.49,0.48,7005.160438999999,23437.162,120833.57,131798.33000000002,80833697408654238110277536174035835919081626918462723989615066293717655271236
polymarket,BTC,above,bitcoin-above-on-august-7-2026,bitcoin-above-66k-on-august-7-2026,"66,000",2026-08-07T16:00:00Z,0.14,0.17,0.17,2681.971144,19676.8619,13591.4,128374.63,71913484782189829942748817935858649709426535100059216178368061309779459521610
polymarket,BTC,above,bitcoin-above-on-august-7-2026,bitcoin-above-68k-on-august-7-2026,"68,000",2026-08-07T16:00:00Z,0.03,0.045,0.03,9392.275419,21502.96241,66300.47,273400.4,57431557197998080844834001884411443863209658467420711463497773713400078139560
polymarket,BTC,above,bitcoin-above-on-august-7-2026,bitcoin-above-70k-on-august-7-2026,"70,000",2026-08-07T16:00:00Z,0.002,0.026,0.013,1601.74807,18286.58421,13749.16,268979.65,37927963403854474293224401921437429937905408177260554665637400134962284196889
polymarket,BTC,above,bitcoin-above-on-august-7-2026,bitcoin-above-72k-on-august-7-2026,"72,000",2026-08-07T16:00:00Z,0.002,0.018,0.008,329.74307699999997,11320.16163,12889.17,31456.219999999998,22832757776966842197480879084395348443593391890430265640204726858386681856449
polymarket,BTC,above,bitcoin-above-on-august-8-2026,bitcoin-above-54k-on-august-8-2026,"54,000",2026-08-08T16:00:00Z,0.991,0.998,0.998,211.202,11423.87798,31989.670000000002,12415.0,53726211898181390287604427415784745619145546003632044979050538915628576532028
polymarket,BTC,above,bitcoin-above-on-august-8-2026,bitcoin-above-56k-on-august-8-2026,"56,000",2026-08-08T16:00:00Z,0.977,0.998,0.992,3230,20430.73167,271592.82,15719.0,106178570962316309145593210986752108720010909819753690579848459758711526392015
polymarket,BTC,above,bitcoin-above-on-august-8-2026,bitcoin-above-58k-on-august-8-2026,"58,000",2026-08-08T16:00:00Z,0.967,0.988,0.955,10995.105507,19061.55457,270172.75,37796.2,61349607419285836854662832542595973803464881904164493709462082947344994785612
polymarket,BTC,above,bitcoin-above-on-august-8-2026,bitcoin-above-60k-on-august-8-2026,"60,000",2026-08-08T16:00:00Z,0.93,0.95,0.93,1841.407223,19486.243,126602.45,18321.6,43092921790062877562527003378789481782878794746787681374141761105342690972188
polymarket,BTC,above,bitcoin-above-on-august-8-2026,bitcoin-above-62k-on-august-8-2026,"62,000",2026-08-08T16:00:00Z,0.79,0.8,0.72,1665.664644,19387.3139,126991.25,23365.23,8494758042985501963851988550605334482990243625581112569545399073420064031173
polymarket,BTC,above,bitcoin-above-on-august-8-2026,bitcoin-above-64k-on-august-8-2026,"64,000",2026-08-08T16:00:00Z,0.46,0.47,0.48,1629.711872,23725.1096,119194.86,128753.45999999999,78705043743201330046051540505154231839322204502210299202849554671536473065349
polymarket,BTC,above,bitcoin-above-on-august-8-2026,bitcoin-above-66k-on-august-8-2026,"66,000",2026-08-08T16:00:00Z,0.15,0.17,0.15,3987.6791850000004,19598.982,13746.94,127572.55,30222785044352440101667430787237769152533901222000620582020039005587133041173
polymarket,BTC,above,bitcoin-above-on-august-8-2026,bitcoin-above-68k-on-august-8-2026,"68,000",2026-08-08T16:00:00Z,0.027,0.03,0.029,1286.165174,19572.76506,54740.0,270444.6,99973147156140711026179604227857777849224606111901501025052348438722321477912
polymarket,BTC,above,bitcoin-above-on-august-8-2026,bitcoin-above-70k-on-august-8-2026,"70,000",2026-08-08T16:00:00Z,0.005,0.031,,,11018.55131,19214.0,23446.14,3617422590812391340252696823451175126211741464572213849589939833548987068459
polymarket,BTC,above,bitcoin-above-on-august-8-2026,bitcoin-above-72k-on-august-8-2026,"72,000",2026-08-08T16:00:00Z,0.003,0.019,,,11733.21754,13321.66,24100.08,74314256627365556443197738588470507455152298774374040821574326679949206054091
polymarket,BTC,above,bitcoin-above-on-august-8-2026,bitcoin-above-74k-on-august-8-2026,"74,000",2026-08-08T16:00:00Z,0.002,0.016,,,11265.8685,13165.0,23400.14,60309753559624809188223286721962345912228265089550762689877170051618634404142
polymarket,BTC,above,bitcoin-above-on-august-9-2026,bitcoin-above-54k-on-august-9-2026,"54,000",2026-08-09T16:00:00Z,0.982,0.997,0.994,200,11125.29687,31509.68,21455.0,12042639644290125706409249585467810602829607553481772554013556757771446755288
polymarket,BTC,above,bitcoin-above-on-august-9-2026,bitcoin-above-56k-on-august-9-2026,"56,000",2026-08-09T16:00:00Z,0.967,0.997,0.98,3480,18913.84259,269856.89,16197.589999999998,53941252506114483036586385114143559630514096062708264426848113097258507437329
polymarket,BTC,above,bitcoin-above-on-august-9-2026,bitcoin-above-58k-on-august-9-2026,"58,000",2026-08-09T16:00:00Z,0.968,0.97,0.969,7559.702612,22754.46396,275352.07,70015.37999999999,35250895225318082802098861369196626601000494298661865939480010651325793211598
polymarket,BTC,above,bitcoin-above-on-august-9-2026,bitcoin-above-60k-on-august-9-2026,"60,000",2026-08-09T16:00:00Z,0.92,0.94,0.92,1077.066648,19154.511,126195.36,16684.71,17985837504686215788989590409563496791683016120010821262087079176453347608285
polymarket,BTC,above,bitcoin-above-on-august-9-2026,bitcoin-above-62k-on-august-9-2026,"62,000",2026-08-09T16:00:00Z,0.76,0.79,0.76,6862.132426,20134.0614,127138.9,29125.82,33639888159856516661557571240315470099034254602840140360233912285818616371238
polymarket,BTC,above,bitcoin-above-on-august-9-2026,bitcoin-above-64k-on-august-9-2026,"64,000",2026-08-09T16:00:00Z,0.46,0.48,0.47,1087.693978,24515.0099,118315.09999999999,132247.29,15001217761569713800908278763658478996071325020582957014060305276373009757713
polymarket,BTC,above,bitcoin-above-on-august-9-2026,bitcoin-above-66k-on-august-9-2026,"66,000",2026-08-09T16:00:00Z,0.16,0.18,0.17,1261.763095,20230.54,23830.1,128623.03,6430588374243127971686276467975702141647324215167880469851928130548102031339
polymarket,BTC,above,bitcoin-above-on-august-9-2026,bitcoin-above-68k-on-august-9-2026,"68,000",2026-08-09T16:00:00Z,0.042,0.057,,,11568.59741,47802.75,23725.729999999996,104759855014124400435840949100561435293050047708140945547932478618327630126045
polymarket,BTC,above,bitcoin-above-on-august-9-2026,bitcoin-above-70k-on-august-9-2026,"70,000",2026-08-09T16:00:00Z,0.002,0.009,0.03,2571.2953299999995,12823.50379,25765.0,263123.51,31542246418846530036840674083836916221289622179274569883840598499051405526984
polymarket,BTC,above,bitcoin-above-on-august-9-2026,bitcoin-above-72k-on-august-9-2026,"72,000",2026-08-09T16:00:00Z,0.003,0.018,,,10813.46968,13321.66,22810.31,100833243429912627640145650019010058955440870588530795341231581667093502535856
polymarket,BTC,above,bitcoin-above-on-august-9-2026,bitcoin-above-74k-on-august-9-2026,"74,000",2026-08-09T16:00:00Z,0.001,0.014,,,10906.33723,12615.0,22845.32,49355046525116505020127058781891018251043018944073710571799601847118399852229
polymarket,BTC,range,bitcoin-price-on-august-4-2026,will-the-price-of-bitcoin-be-less-than-54000-on-august-4-2026,"<54,000",2026-08-04T16:00:00Z,,0.001,0.008,2480.1820230000017,36301.4324,0,287612.58999999997,48906498015577777246509056152856802288325799584039697236327791011289915763356
polymarket,BTC,range,bitcoin-price-on-august-4-2026,will-the-price-of-bitcoin-be-between-54000-56000-on-august-4-2026,"54,000-56,000",2026-08-04T16:00:00Z,,0.002,0.001,1787.176833,25142.94461,0,277244.14,112043300954491211757705772477773113930955316102643491874671606053665454742325
polymarket,BTC,range,bitcoin-price-on-august-4-2026,will-the-price-of-bitcoin-be-between-56000-58000-on-august-4-2026,"56,000-58,000",2026-08-04T16:00:00Z,0.002,0.004,0.005,6819.769557,17703.21566,9501.0,173657.65000000005,77966813381052278088491581196693507412804473285117100233990123904609956140414
polymarket,BTC,range,bitcoin-price-on-august-4-2026,will-the-price-of-bitcoin-be-between-58000-60000-on-august-4-2026,"58,000-60,000",2026-08-04T16:00:00Z,0.009,0.01,0.008,21206.626429000004,16132.75906,13706.7,141725.09000000003,68093008800067435878019620351552959633146235200085711844186675384371213231279
polymarket,BTC,range,bitcoin-price-on-august-4-2026,will-the-price-of-bitcoin-be-between-60000-62000-on-august-4-2026,"60,000-62,000",2026-08-04T16:00:00Z,0.042,0.046,0.045,14142.054873000003,16831.22351,17387.629999999997,275749.42,2323974343427378446689130577550639881883732732026558140309427156366601331276
polymarket,BTC,range,bitcoin-price-on-august-4-2026,will-the-price-of-bitcoin-be-between-62000-64000-on-august-4-2026,"62,000-64,000",2026-08-04T16:00:00Z,0.55,0.56,0.54,13020.641766,18602.9469,123996.7,111952.3,109312180208348556694437182979061877995967935358973299501202594693578494011191
polymarket,BTC,range,bitcoin-price-on-august-4-2026,will-the-price-of-bitcoin-be-between-64000-66000-on-august-4-2026,"64,000-66,000",2026-08-04T16:00:00Z,0.38,0.4,0.42,2825.3668930000003,18944.2754,112726.28,120609.76,6445452986012596592134593372753913412715136037195509709403062538703115089280
polymarket,BTC,range,bitcoin-price-on-august-4-2026,will-the-price-of-bitcoin-be-between-66000-68000-on-august-4-2026,"66,000-68,000",2026-08-04T16:00:00Z,0.007,0.021,0.021,4530.591557000001,15771.60352,18472.1,268740.58999999997,46170631998285124983451583891028774390257894058093398140304898671003894173062
polymarket,BTC,range,bitcoin-price-on-august-4-2026,will-the-price-of-bitcoin-be-between-68000-70000-on-august-4-2026,"68,000-70,000",2026-08-04T16:00:00Z,,0.006,0.001,6670.946317000002,17321.11868,0,272331.89,36489905421441190665062970575164422570811468964574954330734238934814467988751
polymarket,BTC,range,bitcoin-price-on-august-4-2026,will-the-price-of-bitcoin-be-between-70000-72000-on-august-4-2026,"70,000-72,000",2026-08-04T16:00:00Z,,0.001,0.002,3893.6158560000013,34620.78162,0,171231.64,77504457793476849311144865132332917558499904231648151042070404548296505285295
polymarket,BTC,range,bitcoin-price-on-august-4-2026,will-the-price-of-bitcoin-be-greater-than-72000-on-august-4-2026,">72,000",2026-08-04T16:00:00Z,,0.001,0.007,644.079241,32181.73124,0,123840.56000000003,55007803915185010851414263834499674294301773582898916749734296485119497225167
polymarket,BTC,range,bitcoin-price-on-august-5-2026,will-the-price-of-bitcoin-be-less-than-54000-on-august-5-2026,"<54,000",2026-08-05T16:00:00Z,,0.001,0.006,1885.108666,33623.03001,0,290227.74,32390883041911760421289018438191046704349853329020233790594454949532707228715
polymarket,BTC,range,bitcoin-price-on-august-5-2026,will-the-price-of-bitcoin-be-between-54000-56000-on-august-5-2026,"54,000-56,000",2026-08-05T16:00:00Z,0.002,0.01,0.009,2466.416664,15487.79386,869.99,198558.11000000002,106945489361223144242786476090706348885152725371721507697171284107412898479732
polymarket,BTC,range,bitcoin-price-on-august-5-2026,will-the-price-of-bitcoin-be-between-56000-58000-on-august-5-2026,"56,000-58,000",2026-08-05T16:00:00Z,0.003,0.01,0.013,2638.9330750000004,15060.97356,1007.0,268184.85,96222993182148974432916160639861494918772102111289050968981401548232974386849
polymarket,BTC,range,bitcoin-price-on-august-5-2026,will-the-price-of-bitcoin-be-between-58000-60000-on-august-5-2026,"58,000-60,000",2026-08-05T16:00:00Z,0.003,0.03,0.007,4403.880149999999,14686.93466,7380.2,268557.19,39947622517769110420136017946453518130311379921164384365636106193807265960905
polymarket,BTC,range,bitcoin-price-on-august-5-2026,will-the-price-of-bitcoin-be-between-60000-62000-on-august-5-2026,"60,000-62,000",2026-08-05T16:00:00Z,0.08,0.1,0.18,4166.910689,15107.2513,7025.0,125966.57,36400716501481558340467362867021393297181354242724284497733469863962069692702
polymarket,BTC,range,bitcoin-price-on-august-5-2026,will-the-price-of-bitcoin-be-between-62000-64000-on-august-5-2026,"62,000-64,000",2026-08-05T16:00:00Z,0.44,0.46,0.44,3152.453347999999,19302.6265,112137.56,119571.64000000001,78984593166352342035742765264408663071005745614894637079050674977039292467000
polymarket,BTC,range,bitcoin-price-on-august-5-2026,will-the-price-of-bitcoin-be-between-64000-66000-on-august-5-2026,"64,000-66,000",2026-08-05T16:00:00Z,0.36,0.39,0.4,1112.717355,18329.4134,110326.28,124337.64,8761827504025434676609046427704495792874166003012658674972032972050008880555
polymarket,BTC,range,bitcoin-price-on-august-5-2026,will-the-price-of-bitcoin-be-between-66000-68000-on-august-5-2026,"66,000-68,000",2026-08-05T16:00:00Z,0.05,0.06,0.053,378.19302300000004,6852.30753,16276.48,16414.0,105213661183487629646627229826128941752153216649387252825701866680808197298499
polymarket,BTC,range,bitcoin-price-on-august-5-2026,will-the-price-of-bitcoin-be-between-68000-70000-on-august-5-2026,"68,000-70,000",2026-08-05T16:00:00Z,0.004,0.02,,15.02,7280.24636,1049.98,28829.09,57597255201619485703523428829950575389941514672631994403410542164250989952273
polymarket,BTC,range,bitcoin-price-on-august-5-2026,will-the-price-of-bitcoin-be-between-70000-72000-on-august-5-2026,"70,000-72,000",2026-08-05T16:00:00Z,0.001,0.006,0.001,1530.006333,15933.54538,156.0,267844.43000000005,82382159864778750979602020012210109870706054716091429373674107693611763704865
polymarket,BTC,range,bitcoin-price-on-august-5-2026,will-the-price-of-bitcoin-be-greater-than-72000-on-august-5-2026,">72,000",2026-08-05T16:00:00Z,,0.001,0.001,608.788,31004.11844,0,166417.77000000002,37991875278406261939086879825342274363792279967270871971642830240746122881965
polymarket,BTC,range,bitcoin-price-on-august-6-2026,will-the-price-of-bitcoin-be-less-than-56000-on-august-6-2026,"<56,000",2026-08-06T16:00:00Z,0.002,0.024,,123.008666,6465.60692,1090.0,26487.730000000003,32612672332458102826272565633524319030426770716605542838688130700030785396064
polymarket,BTC,range,bitcoin-price-on-august-6-2026,will-the-price-of-bitcoin-be-between-56000-58000-on-august-6-2026,"56,000-58,000",2026-08-06T16:00:00Z,0.004,0.03,,15,5984.96676,940.0,26066.82,37272334360099063174073173122990410104948061782811995384659046321461373006758
polymarket,BTC,range,bitcoin-price-on-august-6-2026,will-the-price-of-bitcoin-be-between-58000-60000-on-august-6-2026,"58,000-60,000",2026-08-06T16:00:00Z,0.01,0.033,0.11,796.175108,5055.17133,15011.460000000001,134720.11000000002,14499588400144971909949238908493351908940246628524752520236378129954386010045
polymarket,BTC,range,bitcoin-price-on-august-6-2026,will-the-price-of-bitcoin-be-between-60000-62000-on-august-6-2026,"60,000-62,000",2026-08-06T16:00:00Z,0.12,0.13,0.13,3023.1341740000003,14669.0133,5222.12,124409.58999999998,29457056154646043471833901678750282169350240023606418012152777388968442036571
polymarket,BTC,range,bitcoin-price-on-august-6-2026,will-the-price-of-bitcoin-be-between-62000-64000-on-august-6-2026,"62,000-64,000",2026-08-06T16:00:00Z,0.37,0.39,0.4,834.5640610000002,13507.2972,76422.72,83153.71000000002,60445201955258883839100765917711867314293351213961600125860923685380745263155
polymarket,BTC,range,bitcoin-price-on-august-6-2026,will-the-price-of-bitcoin-be-between-64000-66000-on-august-6-2026,"64,000-66,000",2026-08-06T16:00:00Z,0.34,0.35,0.32,858.449482,13495.1575,77817.72,85020.92000000001,62657424974016919030335467817710927974704587222659179444399272407418881758156
polymarket,BTC,range,bitcoin-price-on-august-6-2026,will-the-price-of-bitcoin-be-between-66000-68000-on-august-6-2026,"66,000-68,000",2026-08-06T16:00:00Z,0.071,0.13,0.11,80,5118.76959,13879.08,26372.76,54536325254375733711915740446870409112577278610482617746042392494296493453970
polymarket,BTC,range,bitcoin-price-on-august-6-2026,will-the-price-of-bitcoin-be-between-68000-70000-on-august-6-2026,"68,000-70,000",2026-08-06T16:00:00Z,0.01,0.043,0.048,30.833332,6034.21998,13756.92,26108.920000000002,72353739249966747949205738402855238208349920161596143952906747983847117543047
polymarket,BTC,range,bitcoin-price-on-august-6-2026,will-the-price-of-bitcoin-be-between-70000-72000-on-august-6-2026,"70,000-72,000",2026-08-06T16:00:00Z,0.003,0.029,,53.956666,5975.30957,1057.04,26007.66,35937591263343407272354256370655353965814801785700462080846733489872784296972
polymarket,BTC,range,bitcoin-price-on-august-6-2026,will-the-price-of-bitcoin-be-between-72000-74000-on-august-6-2026,"72,000-74,000",2026-08-06T16:00:00Z,0.003,0.019,,59.252666,6373.63036,895.74,26361.46,69786380053593364733082632582208558211015571435054176349198580702258997495134
polymarket,BTC,range,bitcoin-price-on-august-6-2026,will-the-price-of-bitcoin-be-greater-than-74000-on-august-6-2026,">74,000",2026-08-06T16:00:00Z,0.002,0.009,,63.086,5547.3802,728.95,9275.480000000001,86910854902945163815285315289846844538454306690687302242766836616635813283133
polymarket,BTC,range,bitcoin-price-on-august-7-2026,will-the-price-of-bitcoin-be-less-than-54000-on-august-7-2026,"<54,000",2026-08-07T16:00:00Z,0.002,0.019,,86.16125,6471.43255,683.83,26497.829999999998,36273588166009370881291576492263566541456557714653471277905718358872988926962
polymarket,BTC,range,bitcoin-price-on-august-7-2026,will-the-price-of-bitcoin-be-between-54000-56000-on-august-7-2026,"54,000-56,000",2026-08-07T16:00:00Z,0.004,0.029,,25,6363.20916,865.0,26662.58,36068599280618897039028014617785162986886912640528682798548947639004976806467
polymarket,BTC,range,bitcoin-price-on-august-7-2026,will-the-price-of-bitcoin-be-between-56000-58000-on-august-7-2026,"56,000-58,000",2026-08-07T16:00:00Z,0.01,0.032,,,5971.99042,1041.27,18306.14,42267196203334395435883905963517841538639909177614424930802401761698179429740
polymarket,BTC,range,bitcoin-price-on-august-7-2026,will-the-price-of-bitcoin-be-between-58000-60000-on-august-7-2026,"58,000-60,000",2026-08-07T16:00:00Z,0.027,0.043,0.1,1767.4935740000003,7224.42382,14440.83,264732.07999999996,82807747740207278338061371068485066556729520196222376165352456025987483330831
polymarket,BTC,range,bitcoin-price-on-august-7-2026,will-the-price-of-bitcoin-be-between-60000-62000-on-august-7-2026,"60,000-62,000",2026-08-07T16:00:00Z,0.14,0.15,0.26,10344.354282000002,14852.0573,10323.22,135955.53000000003,39299517766986500728302199427399260674534031045112176340298392216742912061490
polymarket,BTC,range,bitcoin-price-on-august-7-2026,will-the-price-of-bitcoin-be-between-62000-64000-on-august-7-2026,"62,000-64,000",2026-08-07T16:00:00Z,0.32,0.36,0.34,1295.844644,16706.5136,114228.28,125507.63,21616513707047126607929228190214367521763953094464480669640897449130362255617
polymarket,BTC,range,bitcoin-price-on-august-7-2026,will-the-price-of-bitcoin-be-between-64000-66000-on-august-7-2026,"64,000-66,000",2026-08-07T16:00:00Z,0.3,0.33,0.24,230.745879,5734.5296,14262.119999999999,17325.88,101950302153438030452123048665312563511607384036515939191622431121954899880476
polymarket,BTC,range,bitcoin-price-on-august-7-2026,will-the-price-of-bitcoin-be-between-66000-68000-on-august-7-2026,"66,000-68,000",2026-08-07T16:00:00Z,0.11,0.12,0.09,43,6038.8176,4950.0,18171.63,66497473028335514661774374955936967480543748030727350005063353086469165427872
polymarket,BTC,range,bitcoin-price-on-august-7-2026,will-the-price-of-bitcoin-be-between-68000-70000-on-august-7-2026,"68,000-70,000",2026-08-07T16:00:00Z,0.013,0.034,,,635.93939,5516.27,13505.25,20230739111437046773634482521253819372449739953662053812771039573568599682401
polymarket,BTC,range,bitcoin-price-on-august-7-2026,will-the-price-of-bitcoin-be-between-70000-72000-on-august-7-2026,"70,000-72,000",2026-08-07T16:00:00Z,0.002,0.032,,15,5944.1671,755.0,26024.25,2179002695407705733209191714338642239718327361792980935698634806527060117960
polymarket,BTC,range,bitcoin-price-on-august-7-2026,will-the-price-of-bitcoin-be-greater-than-72000-on-august-7-2026,">72,000",2026-08-07T16:00:00Z,0.004,0.024,,68.139333,6379.13374,729.86,26283.44,86846990984393751516005180971473913333107049717951640397360072199114522459125
polymarket,BTC,range,bitcoin-price-on-august-8-2026,will-the-price-of-bitcoin-be-less-than-54000-on-august-8-2026,"<54,000",2026-08-08T16:00:00Z,0.008,0.019,,110,6315.77657,715.0,26682.18,34431146013845427132115041233168168288950505463236477294798543403405514615286
polymarket,BTC,range,bitcoin-price-on-august-8-2026,will-the-price-of-bitcoin-be-between-54000-56000-on-august-8-2026,"54,000-56,000",2026-08-08T16:00:00Z,0.002,0.029,,110,6266.43857,755.0,26688.730000000003,57699376246183836441805671492393878966620474441335361651880877544487619583737
polymarket,BTC,range,bitcoin-price-on-august-8-2026,will-the-price-of-bitcoin-be-between-56000-58000-on-august-8-2026,"56,000-58,000",2026-08-08T16:00:00Z,0.01,0.034,,,5678.70715,5634.11,18250.86,85960069516258046870319896551860589403905757098407676356107392032885820753851
polymarket,BTC,range,bitcoin-price-on-august-8-2026,will-the-price-of-bitcoin-be-between-58000-60000-on-august-8-2026,"58,000-60,000",2026-08-08T16:00:00Z,0.03,0.05,0.07,69,5907.7165,4945.0,18126.08,3514495979651636337030293801573930625835936692359636027216829975198588966160
polymarket,BTC,range,bitcoin-price-on-august-8-2026,will-the-price-of-bitcoin-be-between-60000-62000-on-august-8-2026,"60,000-62,000",2026-08-08T16:00:00Z,0.14,0.15,0.15,1914.3299999999997,14777.4956,7977.72,124206.72,17277415348616744171047234280564065250067373992171085370960136508188625878023
polymarket,BTC,range,bitcoin-price-on-august-8-2026,will-the-price-of-bitcoin-be-between-62000-64000-on-august-8-2026,"62,000-64,000",2026-08-08T16:00:00Z,0.32,0.34,0.32,1471.336319,15250.4757,100002.11,130218.66,36332364566694488067889436539450897169070495627955442071669412168383135748674
polymarket,BTC,range,bitcoin-price-on-august-8-2026,will-the-price-of-bitcoin-be-between-64000-66000-on-august-8-2026,"64,000-66,000",2026-08-08T16:00:00Z,0.29,0.32,0.31,312.354211,5729.3899,14125.119999999999,17364.69,64587262595155180465189688051625586329714100139752254290721392262861886900009
polymarket,BTC,range,bitcoin-price-on-august-8-2026,will-the-price-of-bitcoin-be-between-66000-68000-on-august-8-2026,"66,000-68,000",2026-08-08T16:00:00Z,0.1,0.13,,,5766.8672,4952.12,18117.56,66654278976141205917657071329374077929746991277449428073431594118524332280501
polymarket,BTC,range,bitcoin-price-on-august-8-2026,will-the-price-of-bitcoin-be-between-68000-70000-on-august-8-2026,"68,000-70,000",2026-08-08T16:00:00Z,0.02,0.035,,,1182.42928,5971.27,13340.220000000001,94316410848739103338519467190522950585548496711102356654381550344995160832843
polymarket,BTC,range,bitcoin-price-on-august-8-2026,will-the-price-of-bitcoin-be-between-70000-72000-on-august-8-2026,"70,000-72,000",2026-08-08T16:00:00Z,0.01,0.034,,,5756.65947,5893.12,18216.559999999998,102170460680074294717721273956314807692376934156340178793354233335885845240935
polymarket,BTC,range,bitcoin-price-on-august-8-2026,will-the-price-of-bitcoin-be-greater-than-72000-on-august-8-2026,">72,000",2026-08-08T16:00:00Z,0.008,0.029,,110,6215.63702,1015.0,26633.730000000003,79513047639310115889088796183604162881645615335298201376748924331535486253635
polymarket,BTC,range,bitcoin-price-on-august-9-2026,will-the-price-of-bitcoin-be-less-than-54000-on-august-9-2026,"<54,000",2026-08-09T16:00:00Z,0.01,0.029,,,6064.13664,965.0,18420.62,16138484942485503081592225625088372381077604719448418074063226227850526184308
polymarket,BTC,range,bitcoin-price-on-august-9-2026,will-the-price-of-bitcoin-be-between-54000-56000-on-august-9-2026,"54,000-56,000",2026-08-09T16:00:00Z,0.01,0.029,,,6063.59282,965.0,18377.58,42246973082037935811130290897218409001548031757797174811913917578308695564278
polymarket,BTC,range,bitcoin-price-on-august-9-2026,will-the-price-of-bitcoin-be-between-56000-58000-on-august-9-2026,"56,000-58,000",2026-08-09T16:00:00Z,0.01,0.032,,,5745.61178,5840.0,18163.98,86825386056694996856107825007588706133210961650687793445205364989387801724966
polymarket,BTC,range,bitcoin-price-on-august-9-2026,will-the-price-of-bitcoin-be-between-58000-60000-on-august-9-2026,"58,000-60,000",2026-08-09T16:00:00Z,0.04,0.06,0.11,1149.363635,11813.5599,5031.0,135914.5,97119031669780008540910146935838359513200287911130771885827155230793832145549
polymarket,BTC,range,bitcoin-price-on-august-9-2026,will-the-price-of-bitcoin-be-between-60000-62000-on-august-9-2026,"60,000-62,000",2026-08-09T16:00:00Z,0.14,0.15,0.15,1600.5,14314.5551,5252.04,136187.98,95269924546104161025443055141258296666370098772448967705884303622106430014457
polymarket,BTC,range,bitcoin-price-on-august-9-2026,will-the-price-of-bitcoin-be-between-62000-64000-on-august-9-2026,"62,000-64,000",2026-08-09T16:00:00Z,0.3,0.33,,20,5662.0713,14251.17,17205.73,38903614220486579737486902922486226001746500996912358202027644499876956846781
polymarket,BTC,range,bitcoin-price-on-august-9-2026,will-the-price-of-bitcoin-be-between-64000-66000-on-august-9-2026,"64,000-66,000",2026-08-09T16:00:00Z,0.28,0.29,,20,5716.61,14252.5,17319.25,41928798079678812982536701547500225275027409765034612240936273521935564804031
polymarket,BTC,range,bitcoin-price-on-august-9-2026,will-the-price-of-bitcoin-be-between-66000-68000-on-august-9-2026,"66,000-68,000",2026-08-09T16:00:00Z,0.11,0.13,,,5804.0665,4952.5,18226.58,92150229843750419923321562513136007229753030950211718209849892160107569979938
polymarket,BTC,range,bitcoin-price-on-august-9-2026,will-the-price-of-bitcoin-be-between-68000-70000-on-august-9-2026,"68,000-70,000",2026-08-09T16:00:00Z,0.022,0.068,,,5660.12222,5891.46,18100.57,7418979496532340670717645661249762694689632002998578602862796583182512006700
polymarket,BTC,range,bitcoin-price-on-august-9-2026,will-the-price-of-bitcoin-be-between-70000-72000-on-august-9-2026,"70,000-72,000",2026-08-09T16:00:00Z,0.01,0.035,,,5749.51556,5893.11,18318.550000000003,22075808288090492702235070666562730914792872344446508014687577711075564496310
polymarket,BTC,range,bitcoin-price-on-august-9-2026,will-the-price-of-bitcoin-be-greater-than-72000-on-august-9-2026,">72,000",2026-08-09T16:00:00Z,0.01,0.03,,,5763.24741,965.0,18162.1,9058939282943164389606449947705461480325524732985699942951832247371628427030
polymarket,ETH,above,ethereum-above-on-august-4-2026,ethereum-above-1400-on-august-4-2026,"1,400",2026-08-04T16:00:00Z,0.999,1,0.99,4120,50093.4662,182683.97999999998,0,58219091514547901561519981756091090597347751446483070712895348746384628624034
polymarket,ETH,above,ethereum-above-on-august-4-2026,ethereum-above-1500-on-august-4-2026,"1,500",2026-08-04T16:00:00Z,0.998,0.999,0.999,100872.69410999998,51859.23694,186256.55,11252.39,35806436903484731292371760243347292874374390078328439697084408421013226533283
polymarket,ETH,above,ethereum-above-on-august-4-2026,ethereum-above-1600-on-august-4-2026,"1,600",2026-08-04T16:00:00Z,0.998,0.999,0.999,11196.358735000003,33998.14654,167015.31,100291.73,41514296275795301302075513787387856413180123198263673713343983547046426867916
polymarket,ETH,above,ethereum-above-on-august-4-2026,ethereum-above-1700-on-august-4-2026,"1,700",2026-08-04T16:00:00Z,0.973,0.977,0.977,68277.204182,19198.46752,274072.10000000003,47745.88,110658614661632419763526565145358648157234053888281404381469823030921587655931
polymarket,ETH,above,ethereum-above-on-august-4-2026,ethereum-above-1800-on-august-4-2026,"1,800",2026-08-04T16:00:00Z,0.91,0.93,0.93,15000.486743999998,19304.3176,126997.05,13571.46,41623891651289160465420636322321881225642624731277247760640188322627301345925
polymarket,ETH,above,ethereum-above-on-august-4-2026,ethereum-above-1900-on-august-4-2026,"1,900",2026-08-04T16:00:00Z,0.19,0.21,0.25,8466.164749,18835.3802,23010.15,125868.77,108346741493681724193780061763084121896341791608315773315740331724855662667432
polymarket,ETH,above,ethereum-above-on-august-4-2026,ethereum-above-2000-on-august-4-2026,"2,000",2026-08-04T16:00:00Z,0.003,0.007,0.005,21020.802227999997,20853.71053,16332.43,272042.5800000001,28509690309086600215465560837452176849058428058180225767586293179041131832395
polymarket,ETH,above,ethereum-above-on-august-4-2026,ethereum-above-2100-on-august-4-2026,"2,100",2026-08-04T16:00:00Z,0.001,0.002,0.002,11729.869885999995,25467.85333,3357.91,276936.37,103540424569315514489063074970479205682270958688436555303768503841505586298573
polymarket,ETH,above,ethereum-above-on-august-4-2026,ethereum-above-2200-on-august-4-2026,"2,200",2026-08-04T16:00:00Z,0.001,0.002,0.005,2444.515000000001,28896.21815,236.87,280484.67,96055617265825798503652693315217334290364443087922713637585093070036388493222
polymarket,ETH,above,ethereum-above-on-august-4-2026,ethereum-above-2300-on-august-4-2026,"2,300",2026-08-04T16:00:00Z,,0.001,0.001,4072.624597,21454.16955,0,271910.21,5496613906438324765237108409399623217821727358613280312138620135216112031734
polymarket,ETH,above,ethereum-above-on-august-4-2026,ethereum-above-2400-on-august-4-2026,"2,400",2026-08-04T16:00:00Z,,0.001,0.001,4156,50821.29519,0,301187.02999999997,57258733855575149424564396132447164942760148460286465281285061521159232387259
polymarket,ETH,above,ethereum-above-on-august-5-2026,ethereum-above-1400-on-august-5-2026,"1,400",2026-08-05T16:00:00Z,0.992,1,0.99,5,9553.10991,30167.190000000002,0,31021888544543337315346501936253827706387947474553595104570299899384746157493
polymarket,ETH,above,ethereum-above-on-august-5-2026,ethereum-above-1500-on-august-5-2026,"1,500",2026-08-05T16:00:00Z,0.992,1,0.99,5,9657.12264,30082.43,0,24134025497179337178676724157445510384854870133442363885445510445530326875486
polymarket,ETH,above,ethereum-above-on-august-5-2026,ethereum-above-1600-on-august-5-2026,"1,600",2026-08-05T16:00:00Z,0.991,0.999,0.972,38.04,11709.92117,32207.03,17.03,78096673056207789985918156220406886729570437267303474231639693119637573470113
polymarket,ETH,above,ethereum-above-on-august-5-2026,ethereum-above-1700-on-august-5-2026,"1,700",2026-08-05T16:00:00Z,0.986,0.99,0.985,2230.429297,17229.20487,268165.77,17547.38,29556690936816003946013778685856569018976455736245109055804375454477792352209
polymarket,ETH,above,ethereum-above-on-august-5-2026,ethereum-above-1800-on-august-5-2026,"1,800",2026-08-05T16:00:00Z,0.84,0.86,0.77,1132.0576619999997,17340.9377,125764.63,9544.66,33675166806875650988155128133262922113147168635004923452255252690799905088861
polymarket,ETH,above,ethereum-above-on-august-5-2026,ethereum-above-1900-on-august-5-2026,"1,900",2026-08-05T16:00:00Z,0.27,0.3,0.41,391.03753800000004,9538.7006,18655.129999999997,21147.77,38666838768657001933313813260995010351668820353105892437676875554171598678420
polymarket,ETH,above,ethereum-above-on-august-5-2026,ethereum-above-2000-on-august-5-2026,"2,000",2026-08-05T16:00:00Z,0.017,0.031,0.02,6102.624909,16593.01517,21970.09,267281.99000000005,36560329197034027060360953280632633260935230200332420443211192595497995930888
polymarket,ETH,above,ethereum-above-on-august-5-2026,ethereum-above-2100-on-august-5-2026,"2,100",2026-08-05T16:00:00Z,0.001,0.009,,5,11084.90952,656.0,31047.239999999998,86296290720421972741680436569157999663081485966470703941932865086227489551114
polymarket,ETH,above,ethereum-above-on-august-5-2026,ethereum-above-2200-on-august-5-2026,"2,200",2026-08-05T16:00:00Z,0.002,0.008,0.001,813.966,16398.72789,14041.02,144624.75999999998,24848360213387066494278978271469406342372708148102124104199648557492287916074
polymarket,ETH,above,ethereum-above-on-august-5-2026,ethereum-above-2300-on-august-5-2026,"2,300",2026-08-05T16:00:00Z,,0.001,0.011,2089.9066629999998,23289.30172,0,273504.63,26703828123816230904979765955583789335503279663668261812921987873632693070420
polymarket,ETH,above,ethereum-above-on-august-5-2026,ethereum-above-2400-on-august-5-2026,"2,400",2026-08-05T16:00:00Z,,0.005,0.003,1268.692221,20339.02909,0,270529.62999999995,19094422436841370911898408191716122381531931750890145571453081178611986078254
polymarket,ETH,above,ethereum-above-on-august-6-2026,ethereum-above-1400-on-august-6-2026,"1,400",2026-08-06T16:00:00Z,0.982,1,0.99,5,6063.21658,26450.26,0,38886305992251814563210664714447368192490687159166009447840179997393983755753
polymarket,ETH,above,ethereum-above-on-august-6-2026,ethereum-above-1500-on-august-6-2026,"1,500",2026-08-06T16:00:00Z,0.982,1,0.99,5,6053.21658,26450.26,0,15292299465233802744418265584972823950333480486182659860864290433412673950369
polymarket,ETH,above,ethereum-above-on-august-6-2026,ethereum-above-1600-on-august-6-2026,"1,600",2026-08-06T16:00:00Z,0.981,1,0.987,584.046307,11274.34197,139949.64,0,96225985742107090501154238275799115820546593898258159433521152385882164332865
polymarket,ETH,above,ethereum-above-on-august-6-2026,ethereum-above-1700-on-august-6-2026,"1,700",2026-08-06T16:00:00Z,0.965,0.982,0.971,965.2267860000001,13345.33304,142139.34999999998,17451.08,115039369830264082631210334843394146828166440991060480892979670861843898648333
polymarket,ETH,above,ethereum-above-on-august-6-2026,ethereum-above-1800-on-august-6-2026,"1,800",2026-08-06T16:00:00Z,0.78,0.82,0.72,1390.2686950000002,16925.8037,124432.55,14710.53,69605551236011640769623742330866699112983861179268633317415161883683293792842
polymarket,ETH,above,ethereum-above-on-august-6-2026,ethereum-above-1900-on-august-6-2026,"1,900",2026-08-06T16:00:00Z,0.3,0.35,0.27,177.30922799999996,9395.6798,18572.57,21067.31,109919590988389504951336350402303546900337394931973061039640530139793050030325
polymarket,ETH,above,ethereum-above-on-august-6-2026,ethereum-above-2000-on-august-6-2026,"2,000",2026-08-06T16:00:00Z,0.031,0.05,0.1,63.460807,9687.74677,17157.06,28980.81,93929594365747431953404549788396142882336223659193976737102544783253697441694
polymarket,ETH,above,ethereum-above-on-august-6-2026,ethereum-above-2100-on-august-6-2026,"2,100",2026-08-06T16:00:00Z,0.003,0.017,0.09,16.11111,9942.19788,940.0,28837.349999999995,79505584731146008453756213339366790704054746732443007627488862957962440459942
polymarket,ETH,above,ethereum-above-on-august-6-2026,ethereum-above-2200-on-august-6-2026,"2,200",2026-08-06T16:00:00Z,0.001,0.021,,5,9761.73305,540.0,29748.3,31021669096572251015085901884568971325503183872535920069627569720213405952086
polymarket,ETH,above,ethereum-above-on-august-6-2026,ethereum-above-2300-on-august-6-2026,"2,300",2026-08-06T16:00:00Z,0.002,0.011,,32.013999999999996,10027.19736,736.0,29970.24,81692167416129081509075961873974109058112145540197731384659557593546368102265
polymarket,ETH,above,ethereum-above-on-august-6-2026,ethereum-above-2400-on-august-6-2026,"2,400",2026-08-06T16:00:00Z,0.001,0.009,0.005,2147.674333,16500.29256,6.0,266551.91,72004985266756921397261518821542051402697522150221766235392855279903838251363
polymarket,ETH,above,ethereum-above-on-august-7-2026,ethereum-above-1400-on-august-7-2026,"1,400",2026-08-07T16:00:00Z,0.984,0.999,0.999,119.114,9338.52318,29909.39,0.88,33079347589435553857024426713763093310619934749038696430570716632838343063390
polymarket,ETH,above,ethereum-above-on-august-7-2026,ethereum-above-1500-on-august-7-2026,"1,500",2026-08-07T16:00:00Z,0.981,0.999,0.99,5,9310.44856,29904.09,155.0,31559887005211401376060878141655152956989619861124547914389458270376025516937
polymarket,ETH,above,ethereum-above-on-august-7-2026,ethereum-above-1600-on-august-7-2026,"1,600",2026-08-07T16:00:00Z,0.971,0.998,0.99,1007.1422660000001,16268.51911,267369.8,955.0,38924692849513662752959851402792437044696445518402285694736062856029804971249
polymarket,ETH,above,ethereum-above-on-august-7-2026,ethereum-above-1700-on-august-7-2026,"1,700",2026-08-07T16:00:00Z,0.935,0.962,0.95,1151.95,15555.26792,266702.02,17543.620000000003,63748713946998846443415065014985972155196081689979521746950265038049911027289
polymarket,ETH,above,ethereum-above-on-august-7-2026,ethereum-above-1800-on-august-7-2026,"1,800",2026-08-07T16:00:00Z,0.78,0.79,0.75,756.790366,13512.3555,88556.72000000002,38305.0,106659180129270930581733153193214258405980375103108720524886833481314019211335
polymarket,ETH,above,ethereum-above-on-august-7-2026,ethereum-above-1900-on-august-7-2026,"1,900",2026-08-07T16:00:00Z,0.32,0.34,0.36,259.668134,8570.2586,18836.06,19860.63,72018374094972492077352953399105551820708625580221221285079222840357610297819
polymarket,ETH,above,ethereum-above-on-august-7-2026,ethereum-above-2000-on-august-7-2026,"2,000",2026-08-07T16:00:00Z,0.05,0.09,,6.94,8486.0592,8103.0,20594.98,96894223221291387933807855409682274670363737734322254874496944581442767747307
polymarket,ETH,above,ethereum-above-on-august-7-2026,ethereum-above-2100-on-august-7-2026,"2,100",2026-08-07T16:00:00Z,0.002,0.03,,5,8593.99654,14955.0,28767.289999999997,52155598749074495849598432440243673188073283944418146416671857908141112695356
polymarket,ETH,above,ethereum-above-on-august-7-2026,ethereum-above-2200-on-august-7-2026,"2,200",2026-08-07T16:00:00Z,0.002,0.024,,5,9620.67997,955.0,29759.370000000003,9604078489208888030196595788382872967384867624161336956755445615732253007703
polymarket,ETH,above,ethereum-above-on-august-7-2026,ethereum-above-2300-on-august-7-2026,"2,300",2026-08-07T16:00:00Z,0.005,0.019,,5,9647.08021,960.0,29738.030000000002,21003739596860155789414877763933277529732444408293550076654415983359599412339
polymarket,ETH,above,ethereum-above-on-august-7-2026,ethereum-above-2400-on-august-7-2026,"2,400",2026-08-07T16:00:00Z,0.002,0.007,0.001,352.372,9657.34414,53.77,29588.34,94342046756837584890230963732962196641804867967294218388422479776596305673489
polymarket,ETH,above,ethereum-above-on-august-8-2026,ethereum-above-1400-on-august-8-2026,"1,400",2026-08-08T16:00:00Z,0.981,0.999,,,8939.44251,21307.15,155.0,1740401832340040758972778783697328933013582433758486732767046680127976258547
polymarket,ETH,above,ethereum-above-on-august-8-2026,ethereum-above-1500-on-august-8-2026,"1,500",2026-08-08T16:00:00Z,0.981,0.999,,,8919.82649,21560.47,155.0,31634665391120055278418733078291945146487860645095269448093972098383107874101
polymarket,ETH,above,ethereum-above-on-august-8-2026,ethereum-above-1600-on-august-8-2026,"1,600",2026-08-08T16:00:00Z,0.969,0.998,0.983,200,9159.72854,29887.719999999998,6739.0,72606678132426824547498438473319042468828241147587318666309385178412376386107
polymarket,ETH,above,ethereum-above-on-august-8-2026,ethereum-above-1700-on-august-8-2026,"1,700",2026-08-08T16:00:00Z,0.93,0.96,0.94,525,13284.7824,88540.93000000001,8000.0,41534138633629126643149128907085725561165967820454493977908024286621280305271
polymarket,ETH,above,ethereum-above-on-august-8-2026,ethereum-above-1800-on-august-8-2026,"1,800",2026-08-08T16:00:00Z,0.77,0.78,0.65,159.31,8499.8073,20335.94,15329.8,114982139865591105798357348364603876101530197496549199730408979615522324088409
polymarket,ETH,above,ethereum-above-on-august-8-2026,ethereum-above-1900-on-august-8-2026,"1,900",2026-08-08T16:00:00Z,0.33,0.37,0.39,94.162153,8628.5074,18582.03,19825.16,88862557101763938195987813738666518304591540770010966947681773335922203936311
polymarket,ETH,above,ethereum-above-on-august-8-2026,ethereum-above-2000-on-august-8-2026,"2,000",2026-08-08T16:00:00Z,0.07,0.11,,,8449.928,8043.38,20295.04,73388903562695851085307287906060611592603172197531733235800958438246165256290
polymarket,ETH,above,ethereum-above-on-august-8-2026,ethereum-above-2100-on-august-8-2026,"2,100",2026-08-08T16:00:00Z,0.006,0.042,,,8477.07593,9205.29,20552.7,8458298032507949726534558871084209647340144834651550166011273926909748412883
polymarket,ETH,above,ethereum-above-on-august-8-2026,ethereum-above-2200-on-august-8-2026,"2,200",2026-08-08T16:00:00Z,0.001,0.025,,,9212.70953,655.0,21165.75,16532837373596764306784234832753582111019643204439037466358672244444787223812
polymarket,ETH,above,ethereum-above-on-august-8-2026,ethereum-above-2300-on-august-8-2026,"2,300",2026-08-08T16:00:00Z,0.001,0.019,,,9263.04057,655.0,21165.79,10964473550481983500220997980032972506088582946675564200180151233337872115551
polymarket,ETH,above,ethereum-above-on-august-8-2026,ethereum-above-2400-on-august-8-2026,"2,400",2026-08-08T16:00:00Z,0.001,0.01,,,9400.91251,771.0,21213.95,46419856659807717577248009732407378595272225687955170277495824284464016355878
polymarket,ETH,above,ethereum-above-on-august-9-2026,ethereum-above-1400-on-august-9-2026,"1,400",2026-08-09T16:00:00Z,0.982,0.999,,,8165.59272,9275.18,115.0,115227553592449151947530070239258688606461318395580615445710881372916009865738
polymarket,ETH,above,ethereum-above-on-august-9-2026,ethereum-above-1500-on-august-9-2026,"1,500",2026-08-09T16:00:00Z,0.977,0.999,,,8137.30859,9239.25,155.0,105107164400749437333724053673890021801532501898149918839707850019633908344833
polymarket,ETH,above,ethereum-above-on-august-9-2026,ethereum-above-1600-on-august-9-2026,"1,600",2026-08-09T16:00:00Z,0.968,0.993,0.98,102.026307,7745.36855,16748.7,16867.62,44727894785007346021987061955636019413547968616689835768955537551638299073228
polymarket,ETH,above,ethereum-above-on-august-9-2026,ethereum-above-1700-on-august-9-2026,"1,700",2026-08-09T16:00:00Z,0.91,0.94,,,7602.3048,8078.11,8000.0,100720504750524148163933039345859135159026221510001926557104733604920308137348
polymarket,ETH,above,ethereum-above-on-august-9-2026,ethereum-above-1800-on-august-9-2026,"1,800",2026-08-09T16:00:00Z,0.71,0.75,0.64,15.322351,7588.4749,8081.88,8080.25,51191648682484618772678274071335265834186686216154397399418302021105139301137
polymarket,ETH,above,ethereum-above-on-august-9-2026,ethereum-above-1900-on-august-9-2026,"1,900",2026-08-09T16:00:00Z,0.34,0.38,,,7583.0801,8080.25,8074.64,68297130409206892242095888732797027131610612050663898174112729241546288340252
polymarket,ETH,above,ethereum-above-on-august-9-2026,ethereum-above-2000-on-august-9-2026,"2,000",2026-08-09T16:00:00Z,0.08,0.12,0.1,50,7626.3471,8008.24,8126.9,56349248112267193640291948075915615209692766721410326817798099363061090968385
polymarket,ETH,above,ethereum-above-on-august-9-2026,ethereum-above-2100-on-august-9-2026,"2,100",2026-08-09T16:00:00Z,0.012,0.046,,,7701.94749,8891.53,8406.310000000001,29365346371551087050502629732830259690285072428550209306789803955745196794666
polymarket,ETH,above,ethereum-above-on-august-9-2026,ethereum-above-2200-on-august-9-2026,"2,200",2026-08-09T16:00:00Z,0.001,0.027,,,8104.88872,655.0,8692.15,69308836384625625024672974087886198013545482526960229845942939529381759268484
polymarket,ETH,above,ethereum-above-on-august-9-2026,ethereum-above-2300-on-august-9-2026,"2,300",2026-08-09T16:00:00Z,0.001,0.018,,,8165.14276,615.0,8672.880000000001,81186146009559272989618079933542465228969589688891923517086262596034806344646
polymarket,ETH,above,ethereum-above-on-august-9-2026,ethereum-above-2400-on-august-9-2026,"2,400",2026-08-09T16:00:00Z,0.001,0.009,,,8305.08773,771.0,8775.58,79839398302071608698003181647019464827767102399340320191879294850069506075673
polymarket,ETH,range,ethereum-price-on-august-4-2026,will-the-price-of-ethereum-be-less-than-1500-on-august-4-2026,"<1,500",2026-08-04T16:00:00Z,,0.001,0.001,914.7,20102.40095,0,149944.99000000002,75669757040295800891843175277351325157126195986905679785412773205188815524496
polymarket,ETH,range,ethereum-price-on-august-4-2026,will-the-price-of-ethereum-be-between-1500-1600-on-august-4-2026,"1,500-1,600",2026-08-04T16:00:00Z,0.001,0.002,0.001,312.66149999999993,9590.92611,3.11,29639.81,11405200384723603729488488870212633107319330486896135099714244038863905631650
polymarket,ETH,range,ethereum-price-on-august-4-2026,will-the-price-of-ethereum-be-between-1600-1700-on-august-4-2026,"1,600-1,700",2026-08-04T16:00:00Z,0.016,0.021,0.02,5902.669426,12487.07631,4481.1,263483.29999999993,39659507789569107163075083005900389870714169490642667507756464346124305236272
polymarket,ETH,range,ethereum-price-on-august-4-2026,will-the-price-of-ethereum-be-between-1700-1800-on-august-4-2026,"1,700-1,800",2026-08-04T16:00:00Z,0.042,0.076,0.042,4275.059229,11930.4313,13569.699999999999,262582.68,43444561040208272145523675356108022014846930630328293058261858936081609983658
polymarket,ETH,range,ethereum-price-on-august-4-2026,will-the-price-of-ethereum-be-between-1800-1900-on-august-4-2026,"1,800-1,900",2026-08-04T16:00:00Z,0.69,0.72,0.71,586.8956940000002,10629.9689,85129.19000000002,68799.93000000001,89112689600558131521036374004647022296581689071142613846073578214078819844221
polymarket,ETH,range,ethereum-price-on-august-4-2026,will-the-price-of-ethereum-be-between-1900-2000-on-august-4-2026,"1,900-2,000",2026-08-04T16:00:00Z,0.18,0.23,0.17,101.035971,4774.2095,5177.12,17271.18,38989915464162563812477773820161467986854299362256915368368270254015150682124
polymarket,ETH,range,ethereum-price-on-august-4-2026,will-the-price-of-ethereum-be-between-2000-2100-on-august-4-2026,"2,000-2,100",2026-08-04T16:00:00Z,0.003,0.01,0.011,256.005,5070.92296,2803.99,25444.72,94108133667958327328597380394202446277732606101924546314033900096390790723096
polymarket,ETH,range,ethereum-price-on-august-4-2026,will-the-price-of-ethereum-be-between-2100-2200-on-august-4-2026,"2,100-2,200",2026-08-04T16:00:00Z,0.001,0.002,0.001,196.577,9604.82767,70.87,29650.499999999996,37769772541829768792013458815612788898509982732557941110592660742390260662127
polymarket,ETH,range,ethereum-price-on-august-4-2026,will-the-price-of-ethereum-be-between-2200-2300-on-august-4-2026,"2,200-2,300",2026-08-04T16:00:00Z,,0.004,0.001,414.96504999999996,7601.22575,0,27605.510000000002,48704961402935045827659669901795482882945556610545520518433701638972345999170
polymarket,ETH,range,ethereum-price-on-august-4-2026,will-the-price-of-ethereum-be-between-2300-2400-on-august-4-2026,"2,300-2,400",2026-08-04T16:00:00Z,,0.001,0.001,947.9305000000002,20666.38355,0,154725.86000000002,17404611071755617849907241283688259871246484457176482319504278080038763859367
polymarket,ETH,range,ethereum-price-on-august-4-2026,will-the-price-of-ethereum-be-greater-than-2400-on-august-4-2026,">2,400",2026-08-04T16:00:00Z,,0.001,0.001,397.211,16504.58471,0,36563.89,15934836811488088911141160982410751164942362324887793636123178865537443086043
polymarket,ETH,range,ethereum-price-on-august-5-2026,will-the-price-of-ethereum-be-less-than-1400-on-august-5-2026,"<1,400",2026-08-05T16:00:00Z,,0.001,0.001,375,14280.8024,0,34969.869999999995,88246241759124737183280118505989794763502973254575714665567965949742302899352
polymarket,ETH,range,ethereum-price-on-august-5-2026,will-the-price-of-ethereum-be-between-1400-1500-on-august-5-2026,"1,400-1,500",2026-08-05T16:00:00Z,0.002,0.015,,101.62466599999999,7472.93827,713.37,27739.14,30177693773319983241097868084531910275445249819634195109399692535137928514716
polymarket,ETH,range,ethereum-price-on-august-5-2026,will-the-price-of-ethereum-be-between-1500-1600-on-august-5-2026,"1,500-1,600",2026-08-05T16:00:00Z,0.002,0.029,,63.0058,4130.31293,755.0,25272.72,88533870242370702365958299140334327802608640671940925030222303622765325955914
polymarket,ETH,range,ethereum-price-on-august-5-2026,will-the-price-of-ethereum-be-between-1600-1700-on-august-5-2026,"1,600-1,700",2026-08-05T16:00:00Z,0.01,0.025,,110,4143.10858,818.26,24444.500000000004,37160964772888109049990935517384202775420049808332378281689432320998097440290
polymarket,ETH,range,ethereum-price-on-august-5-2026,will-the-price-of-ethereum-be-between-1700-1800-on-august-5-2026,"1,700-1,800",2026-08-05T16:00:00Z,0.12,0.18,,24.259999999999998,4463.7596,3617.12,16987.34,1477880738295333790031811411766703901361003661048953064292923886813962083706
polymarket,ETH,range,ethereum-price-on-august-5-2026,will-the-price-of-ethereum-be-between-1800-1900-on-august-5-2026,"1,800-1,900",2026-08-05T16:00:00Z,0.53,0.61,0.58,437.74431,4367.27,15303.119999999999,15246.400000000001,101470511216853629330279973884660796486220193914300294983236365405812913529417
polymarket,ETH,range,ethereum-price-on-august-5-2026,will-the-price-of-ethereum-be-between-1900-2000-on-august-5-2026,"1,900-2,000",2026-08-05T16:00:00Z,0.23,0.3,0.28,85.84878900000001,4232.2395,11067.119999999999,15981.0,39462473811795247552091949944506046547713140275300935110765961972243888333672
polymarket,ETH,range,ethereum-price-on-august-5-2026,will-the-price-of-ethereum-be-between-2000-2100-on-august-5-2026,"2,000-2,100",2026-08-05T16:00:00Z,0.01,0.049,0.07,100,4154.99546,12048.28,24725.21,107023807545494146325334104904145028345807489971235083592458691117471686888315
polymarket,ETH,range,ethereum-price-on-august-5-2026,will-the-price-of-ethereum-be-between-2100-2200-on-august-5-2026,"2,100-2,200",2026-08-05T16:00:00Z,0.003,0.028,,60,4260.56799,940.0,24756.74,16511911720247204471294221306855394019313786883626224780802408411298238491960
polymarket,ETH,range,ethereum-price-on-august-5-2026,will-the-price-of-ethereum-be-between-2200-2300-on-august-5-2026,"2,200-2,300",2026-08-05T16:00:00Z,0.001,0.029,,160,4357.5378,655.0,25371.76,33113197023059894189097617320079219831889190104136122570723717602882926366473
polymarket,ETH,range,ethereum-price-on-august-5-2026,will-the-price-of-ethereum-be-greater-than-2300-on-august-5-2026,">2,300",2026-08-05T16:00:00Z,,0.001,0.001,759.627,22254.54089,0,151452.95,19268100017055782110783296785799657203118695300113390533014493137396814914430
polymarket,ETH,range,ethereum-price-on-august-6-2026,will-the-price-of-ethereum-be-less-than-1500-on-august-6-2026,"<1,500",2026-08-06T16:00:00Z,0.002,0.027,,65,3974.96487,755.0,24425.039999999997,89517222187379282797989156094242607867678497616467908071463346120456205800903
polymarket,ETH,range,ethereum-price-on-august-6-2026,will-the-price-of-ethereum-be-between-1500-1600-on-august-6-2026,"1,500-1,600",2026-08-06T16:00:00Z,0.002,0.029,,65,3849.91937,755.0,23946.219999999998,11276175411087816926036505613549988159421803925365236390323676419572341473478
polymarket,ETH,range,ethereum-price-on-august-6-2026,will-the-price-of-ethereum-be-between-1600-1700-on-august-6-2026,"1,600-1,700",2026-08-06T16:00:00Z,0.01,0.046,,5,4036.74425,12008.99,24256.78,59242844376461463727862181266004242013442658047518664840398736834472078347906
polymarket,ETH,range,ethereum-price-on-august-6-2026,will-the-price-of-ethereum-be-between-1700-1800-on-august-6-2026,"1,700-1,800",2026-08-06T16:00:00Z,0.17,0.24,0.25,38.31,4415.886,3923.9,16959.12,11012946032117772694558552874905263314553106243589453283500570295535948522007
polymarket,ETH,range,ethereum-price-on-august-6-2026,will-the-price-of-ethereum-be-between-1800-1900-on-august-6-2026,"1,800-1,900",2026-08-06T16:00:00Z,0.44,0.5,0.49,385.425392,4273.2866,14523.9,15136.55,95539193713586878162658871148979867316399589903252569058460251508681613060787
polymarket,ETH,range,ethereum-price-on-august-6-2026,will-the-price-of-ethereum-be-between-1900-2000-on-august-6-2026,"1,900-2,000",2026-08-06T16:00:00Z,0.25,0.31,,,4250.2875,11028.9,16202.75,58065390183265509115834993412965464599985087630823191284851424575630825534166
polymarket,ETH,range,ethereum-price-on-august-6-2026,will-the-price-of-ethereum-be-between-2000-2100-on-august-6-2026,"2,000-2,100",2026-08-06T16:00:00Z,0.011,0.075,,,3971.05783,3805.59,16400.73,16687645627390695234347055626512796916775383912868084433166955816117435200272
polymarket,ETH,range,ethereum-price-on-august-6-2026,will-the-price-of-ethereum-be-between-2100-2200-on-august-6-2026,"2,100-2,200",2026-08-06T16:00:00Z,0.01,0.031,,10,4012.77934,960.0,24420.449999999997,68791646280246452785032950981627640873085285880185243716148972562375189040553
polymarket,ETH,range,ethereum-price-on-august-6-2026,will-the-price-of-ethereum-be-between-2200-2300-on-august-6-2026,"2,200-2,300",2026-08-06T16:00:00Z,0.002,0.028,,65,3913.56479,755.0,24138.71,80647722989335456990449776786066222568975090670252176473324799343029525563879
polymarket,ETH,range,ethereum-price-on-august-6-2026,will-the-price-of-ethereum-be-between-2300-2400-on-august-6-2026,"2,300-2,400",2026-08-06T16:00:00Z,0.001,0.028,,165,3982.96498,655.0,24502.19,17170922149011032206634630585401628555349918472249861848198130802267456601580
polymarket,ETH,range,ethereum-price-on-august-6-2026,will-the-price-of-ethereum-be-greater-than-2400-on-august-6-2026,">2,400",2026-08-06T16:00:00Z,0.001,0.009,,250,1102.89799,156.0,9345.970000000001,57601275864512111267500584243010517806513752457181291485831279971648218380717
polymarket,ETH,range,ethereum-price-on-august-7-2026,will-the-price-of-ethereum-be-less-than-1400-on-august-7-2026,"<1,400",2026-08-07T16:00:00Z,0.002,0.028,,15,2987.53412,755.0,12130.519999999999,69909021028489238124647140849215103729954624860133562527202881673602943838312
polymarket,ETH,range,ethereum-price-on-august-7-2026,will-the-price-of-ethereum-be-between-1400-1500-on-august-7-2026,"1,400-1,500",2026-08-07T16:00:00Z,0.003,0.029,,15,2965.38985,1055.0,12108.419999999998,89940017340290079224997447987357094833762551596743403843576864760623656378667
polymarket,ETH,range,ethereum-price-on-august-7-2026,will-the-price-of-ethereum-be-between-1500-1600-on-august-7-2026,"1,500-1,600",2026-08-07T16:00:00Z,0.003,0.029,,15,2999.24458,1055.0,12075.39,54007051307845480217786802246775388103754938678594356200399039186244886002920
polymarket,ETH,range,ethereum-price-on-august-7-2026,will-the-price-of-ethereum-be-between-1600-1700-on-august-7-2026,"1,600-1,700",2026-08-07T16:00:00Z,0.018,0.06,,,2947.56647,4012.99,4103.73,51466191087668903998804717585366776327225000324518888509214074649064297852038
polymarket,ETH,range,ethereum-price-on-august-7-2026,will-the-price-of-ethereum-be-between-1700-1800-on-august-7-2026,"1,700-1,800",2026-08-07T16:00:00Z,0.18,0.24,,12.98,2950.3375,3023.9,4103.82,22796881851724206918722771325467785328400100302343371912935857974392409782652
polymarket,ETH,range,ethereum-price-on-august-7-2026,will-the-price-of-ethereum-be-between-1800-1900-on-august-7-2026,"1,800-1,900",2026-08-07T16:00:00Z,0.38,0.46,0.41,78.49935500000001,2907.3672,3023.9,3894.7,89332161419127521106204692124874842304910155814895886713587745435784103154626
polymarket,ETH,range,ethereum-price-on-august-7-2026,will-the-price-of-ethereum-be-between-1900-2000-on-august-7-2026,"1,900-2,000",2026-08-07T16:00:00Z,0.24,0.31,,,2841.9376,3032.8,4058.34,55078709986005655156724985418663603586583732572759080491235395836043754511041
polymarket,ETH,range,ethereum-price-on-august-7-2026,will-the-price-of-ethereum-be-between-2000-2100-on-august-7-2026,"2,000-2,100",2026-08-07T16:00:00Z,0.03,0.1,,,2911.2087,3015.0,3841.3,109038484746590219246964697616861236578580254999244135454046542395518270291280
polymarket,ETH,range,ethereum-price-on-august-7-2026,will-the-price-of-ethereum-be-between-2100-2200-on-august-7-2026,"2,100-2,200",2026-08-07T16:00:00Z,0.01,0.036,,,2980.12343,4033.22,4103.92,38827454610766525507131753548012177499082185807067329816294450686175264859498
polymarket,ETH,range,ethereum-price-on-august-7-2026,will-the-price-of-ethereum-be-between-2200-2300-on-august-7-2026,"2,200-2,300",2026-08-07T16:00:00Z,0.003,0.029,,15,2983.64835,1055.0,12097.199999999999,105926107532991993721071040224923519564701981360871885286382146326128460590411
polymarket,ETH,range,ethereum-price-on-august-7-2026,will-the-price-of-ethereum-be-greater-than-2300-on-august-7-2026,">2,300",2026-08-07T16:00:00Z,0.002,0.028,,15,2980.84993,255.0,11944.91,10259340469077704253424217683030062381513229578432941987336787554533856455511
polymarket,ETH,range,ethereum-price-on-august-8-2026,will-the-price-of-ethereum-be-less-than-1400-on-august-8-2026,"<1,400",2026-08-08T16:00:00Z,0.003,0.028,,60,2987.04695,1055.0,11919.24,78290305557988166358052556474767128738812684608862697179483569436842190003112
polymarket,ETH,range,ethereum-price-on-august-8-2026,will-the-price-of-ethereum-be-between-1400-1500-on-august-8-2026,"1,400-1,500",2026-08-08T16:00:00Z,0.003,0.029,,60,2948.98382,1055.0,11858.43,106918138260332910630599558076294720680191441049901338355868386582623604247746
polymarket,ETH,range,ethereum-price-on-august-8-2026,will-the-price-of-ethereum-be-between-1500-1600-on-august-8-2026,"1,500-1,600",2026-08-08T16:00:00Z,0.002,0.03,,,2958.09298,455.0,3889.4300000000003,111550821518463196901981494164394446212412018805871222316556840867913111384697
polymarket,ETH,range,ethereum-price-on-august-8-2026,will-the-price-of-ethereum-be-between-1600-1700-on-august-8-2026,"1,600-1,700",2026-08-08T16:00:00Z,0.01,0.08,,,2902.9675,3010.0,4014.73,107922488768415806341157521361741767921902464707095011706234361797218495418850
polymarket,ETH,range,ethereum-price-on-august-8-2026,will-the-price-of-ethereum-be-between-1700-1800-on-august-8-2026,"1,700-1,800",2026-08-08T16:00:00Z,0.18,0.26,,,2801.7197,3067.12,3829.73,97951937997894363864053633534142564348119183398931207242419924063166365152165
polymarket,ETH,range,ethereum-price-on-august-8-2026,will-the-price-of-ethereum-be-between-1800-1900-on-august-8-2026,"1,800-1,900",2026-08-08T16:00:00Z,0.35,0.43,0.41,12.19512,2798.4799,3103.12,3820.83,24836891523836400929671978274009829149159990443323958358933865186063101545321
polymarket,ETH,range,ethereum-price-on-august-8-2026,will-the-price-of-ethereum-be-between-1900-2000-on-august-8-2026,"1,900-2,000",2026-08-08T16:00:00Z,0.22,0.3,,,2798.4,3067.12,3808.96,58476176076377954753444037036239149801758917428680055166709346892587644316707
polymarket,ETH,range,ethereum-price-on-august-8-2026,will-the-price-of-ethereum-be-between-2000-2100-on-august-8-2026,"2,000-2,100",2026-08-08T16:00:00Z,0.04,0.11,,,2915.3873,3096.0,3994.55,12079297943134196777043010137623720121811838015666451080249276262089251734024
polymarket,ETH,range,ethereum-price-on-august-8-2026,will-the-price-of-ethereum-be-between-2100-2200-on-august-8-2026,"2,100-2,200",2026-08-08T16:00:00Z,0.01,0.04,,,3009.52023,4049.9500000000003,4204.04,56420001326950001698756592456215591046211103523843380012860328682449718715003
polymarket,ETH,range,ethereum-price-on-august-8-2026,will-the-price-of-ethereum-be-between-2200-2300-on-august-8-2026,"2,200-2,300",2026-08-08T16:00:00Z,0.003,0.03,,60,3027.05135,1055.0,11953.689999999999,66668499174683481601071870474327070434341241170468711036400483706321639072393
polymarket,ETH,range,ethereum-price-on-august-8-2026,will-the-price-of-ethereum-be-greater-than-2300-on-august-8-2026,">2,300",2026-08-08T16:00:00Z,0.003,0.029,,60,2975.32447,1055.0,11942.64,30766071006551238242527707575012438628594038798692138481085219124651930957544
polymarket,ETH,range,ethereum-price-on-august-9-2026,will-the-price-of-ethereum-be-less-than-1400-on-august-9-2026,"<1,400",2026-08-09T16:00:00Z,0.002,0.029,,60,2980.64164,955.0,11882.15,35089445714240779058354927998993009966807913231850122130425354257284776040541
polymarket,ETH,range,ethereum-price-on-august-9-2026,will-the-price-of-ethereum-be-between-1400-1500-on-august-9-2026,"1,400-1,500",2026-08-09T16:00:00Z,0.002,0.029,,60,2940.46259,955.0,12391.57,43768061610376720449934896378278358199841640719395887724894309186943449373278
polymarket,ETH,range,ethereum-price-on-august-9-2026,will-the-price-of-ethereum-be-between-1500-1600-on-august-9-2026,"1,500-1,600",2026-08-09T16:00:00Z,0.01,0.033,,,2909.93274,587.97,3887.66,78006506475475938549977126772793326526595192356658314539095109326563790701749
polymarket,ETH,range,ethereum-price-on-august-9-2026,will-the-price-of-ethereum-be-between-1600-1700-on-august-9-2026,"1,600-1,700",2026-08-09T16:00:00Z,0.01,0.08,,,2834.4119,3010.0,3868.23,35798767937411087525698287011552972471962760975777407944474065545315485708049
polymarket,ETH,range,ethereum-price-on-august-9-2026,will-the-price-of-ethereum-be-between-1700-1800-on-august-9-2026,"1,700-1,800",2026-08-09T16:00:00Z,0.19,0.26,0.17,15,2845.5598,3017.4,3747.08,20623704919424055113303137889320309320066918252647489480313039655962474240348
polymarket,ETH,range,ethereum-price-on-august-9-2026,will-the-price-of-ethereum-be-between-1800-1900-on-august-9-2026,"1,800-1,900",2026-08-09T16:00:00Z,0.33,0.41,,,2851.3595,3054.34,3757.61,110442757573220207584266147342138918083569320735523964395026163407067566846987
polymarket,ETH,range,ethereum-price-on-august-9-2026,will-the-price-of-ethereum-be-between-1900-2000-on-august-9-2026,"1,900-2,000",2026-08-09T16:00:00Z,0.23,0.29,,,2903.518,3060.4,3752.0,93166526095606667611780906314368699655635162898204226961429194217135936536670
polymarket,ETH,range,ethereum-price-on-august-9-2026,will-the-price-of-ethereum-be-between-2000-2100-on-august-9-2026,"2,000-2,100",2026-08-09T16:00:00Z,0.05,0.11,,,2932.2516,3047.0,3980.88,40821055543764788201636678983337110017968542909986202055420545887718204402107
polymarket,ETH,range,ethereum-price-on-august-9-2026,will-the-price-of-ethereum-be-between-2100-2200-on-august-9-2026,"2,100-2,200",2026-08-09T16:00:00Z,0.01,0.045,,,2953.4756,4068.06,3960.68,53501864570335663872818545165837596625779936000610648089470363336966940366017
polymarket,ETH,range,ethereum-price-on-august-9-2026,will-the-price-of-ethereum-be-between-2200-2300-on-august-9-2026,"2,200-2,300",2026-08-09T16:00:00Z,0.002,0.03,,61.7735,2982.64169,953.22,11843.83,39951299196261396798649241307749027153182751867078883182451938722183248227321
polymarket,ETH,range,ethereum-price-on-august-9-2026,will-the-price-of-ethereum-be-greater-than-2300-on-august-9-2026,">2,300",2026-08-09T16:00:00Z,0.002,0.029,,60,2984.2307,955.0,11986.09,73714519703295766251334420839336609308687806976779641893321352111531651311818
